-- MySQL dump 10.13  Distrib 5.7.17, for Win64 (x86_64)
--
-- Host: localhost    Database: awesomedatabase
-- ------------------------------------------------------
-- Server version	5.6.35-log

/*!40101 SET @OLD_CHARACTER_SET_CLIENT=@@CHARACTER_SET_CLIENT */;
/*!40101 SET @OLD_CHARACTER_SET_RESULTS=@@CHARACTER_SET_RESULTS */;
/*!40101 SET @OLD_COLLATION_CONNECTION=@@COLLATION_CONNECTION */;
/*!40101 SET NAMES utf8 */;
/*!40103 SET @OLD_TIME_ZONE=@@TIME_ZONE */;
/*!40103 SET TIME_ZONE='+00:00' */;
/*!40014 SET @OLD_UNIQUE_CHECKS=@@UNIQUE_CHECKS, UNIQUE_CHECKS=0 */;
/*!40014 SET @OLD_FOREIGN_KEY_CHECKS=@@FOREIGN_KEY_CHECKS, FOREIGN_KEY_CHECKS=0 */;
/*!40101 SET @OLD_SQL_MODE=@@SQL_MODE, SQL_MODE='NO_AUTO_VALUE_ON_ZERO' */;
/*!40111 SET @OLD_SQL_NOTES=@@SQL_NOTES, SQL_NOTES=0 */;

--
-- Table structure for table `cars`
--

DROP TABLE IF EXISTS `cars`;
/*!40101 SET @saved_cs_client     = @@character_set_client */;
/*!40101 SET character_set_client = utf8 */;
CREATE TABLE `cars` (
  `id` int(11) NOT NULL AUTO_INCREMENT,
  `reg_number` varchar(9) DEFAULT NULL,
  `model` varchar(25) DEFAULT NULL,
  `color` varchar(12) DEFAULT NULL,
  `carcase` varchar(10) DEFAULT NULL,
  `passenger` int(11) NOT NULL,
  `comfort_rate` int(11) NOT NULL,
  `baby_seat` int(11) DEFAULT NULL,
  `wide_trunk` int(11) NOT NULL,
  PRIMARY KEY (`id`)
) ENGINE=InnoDB AUTO_INCREMENT=13 DEFAULT CHARSET=utf8;
/*!40101 SET character_set_client = @saved_cs_client */;

--
-- Dumping data for table `cars`
--

LOCK TABLES `cars` WRITE;
/*!40000 ALTER TABLE `cars` DISABLE KEYS */;
INSERT INTO `cars` VALUES (1,'P235OK77','Volkswagen Polo','Белый','Седан',5,2,1,0),(2,'A673HC99','Hyundai Solaris','Серый','Седан',5,2,1,0),(3,'B723TO197','Kia Rio','Синий','Седан',5,2,0,0),(4,'C568KM777','Renault Logan','Серебристый','Седан',5,2,0,0),(5,'T725AC97','Chevrolet Lacetti','Белый','Универсал',5,2,1,1),(6,'X435HC199','Lada Granta','Черный','Седан',5,1,0,0),(7,'H124EE97','Ford S-Max','Желтый','Минивэн',7,3,1,1),(8,'T323AT199','Nissan Teana','Черный','Седан',5,4,0,0),(9,'K555MP77','Mercedes-Benz S-Class','Черный','Седан',5,5,0,0),(10,'A671AB77','Chevrolet Cruze','Желтый','Универсал',5,2,1,1),(11,'H809TH77','Volkswagen Caravelle','Серебристый','Минивэн',8,3,1,1),(12,'P325YC177','Lada Vesta','Серебристый','Седан',5,2,1,0);
/*!40000 ALTER TABLE `cars` ENABLE KEYS */;
UNLOCK TABLES;

--
-- Table structure for table `drivers`
--

DROP TABLE IF EXISTS `drivers`;
/*!40101 SET @saved_cs_client     = @@character_set_client */;
/*!40101 SET character_set_client = utf8 */;
CREATE TABLE `drivers` (
  `id` int(11) NOT NULL AUTO_INCREMENT,
  `last_name` varchar(10) DEFAULT NULL,
  `first_name` varchar(10) DEFAULT NULL,
  `father_name` varchar(15) DEFAULT NULL,
  `age` int(11) NOT NULL,
  `xp` int(11) NOT NULL,
  `available` int(1) NOT NULL,
  `working_time` int(11) NOT NULL,
  `car_id` int(11) NOT NULL,
  `location` int(11) NOT NULL,
  PRIMARY KEY (`id`)
) ENGINE=InnoDB AUTO_INCREMENT=13 DEFAULT CHARSET=utf8;
/*!40101 SET character_set_client = @saved_cs_client */;

--
-- Dumping data for table `drivers`
--

LOCK TABLES `drivers` WRITE;
/*!40000 ALTER TABLE `drivers` DISABLE KEYS */;
INSERT INTO `drivers` VALUES (1,'Киселёв','Егор','Олегович',19,1,1,8,1,1),(2,'Зубов','Виктор','Михайлович',65,33,1,8,2,2),(3,'Лебедев','Андрей','Андреевич',28,7,1,8,3,3),(4,'Евсеев','Никита','Алексеевич',31,6,1,8,4,4),(5,'Яковлев','Юрий','Вениаминович',57,28,1,8,5,5),(6,'Щербаков','Игорь','Евгеньевич',26,3,1,8,6,6),(7,'Гаврилов','Иван','Александрович',36,15,1,8,7,7),(8,'Лихачёв','Никита','Валерьевич',20,2,1,8,8,8),(9,'Фомин','Николай','Сергеевич',44,19,1,8,9,9),(10,'Веселов','Дмитрий','Артемьевич',25,6,1,8,10,10),(11,'Поляков','Владимир','Васильевич',34,6,1,8,11,11),(12,'Молчанов','Антон','Кириллович',30,11,1,8,12,12);
/*!40000 ALTER TABLE `drivers` ENABLE KEYS */;
UNLOCK TABLES;

--
-- Table structure for table `edges`
--

DROP TABLE IF EXISTS `edges`;
/*!40101 SET @saved_cs_client     = @@character_set_client */;
/*!40101 SET character_set_client = utf8 */;
CREATE TABLE `edges` (
  `id_edge` int(11) NOT NULL AUTO_INCREMENT,
  `first_node` int(11) NOT NULL,
  `second_node` int(11) NOT NULL,
  `distance` int(11) NOT NULL,
  PRIMARY KEY (`id_edge`)
) ENGINE=InnoDB AUTO_INCREMENT=166 DEFAULT CHARSET=utf8;
/*!40101 SET character_set_client = @saved_cs_client */;

--
-- Dumping data for table `edges`
--

LOCK TABLES `edges` WRITE;
/*!40000 ALTER TABLE `edges` DISABLE KEYS */;
INSERT INTO `edges` VALUES (1,2,3,8),(2,3,4,9),(3,52,3,5),(4,52,4,5),(5,4,5,7),(6,6,7,7),(7,7,8,10),(8,8,9,13),(9,14,77,3),(10,6,2,9),(11,8,3,11),(12,9,4,20),(13,10,6,15),(14,10,11,7),(15,11,8,16),(16,11,12,2),(17,66,9,8),(18,12,66,3),(19,66,5,9),(20,76,13,5),(22,64,65,10),(23,64,10,15),(24,65,12,4),(25,65,11,5),(26,5,55,8),(27,57,55,8),(28,5,48,5),(29,48,55,7),(30,5,49,9),(31,49,48,8),(33,14,15,18),(35,15,65,20),(36,15,16,13),(37,16,17,10),(38,17,58,12),(40,58,57,6),(41,58,59,7),(42,59,18,10),(43,18,19,14),(44,19,20,13),(45,20,21,18),(46,14,21,25),(47,59,61,12),(49,26,22,12),(50,22,20,11),(51,26,27,11),(53,22,23,10),(54,27,23,15),(55,23,24,7),(56,24,25,4),(57,21,24,15),(58,27,28,17),(59,50,45,4),(61,61,30,14),(62,30,26,6),(63,30,31,9),(64,31,32,12),(65,32,35,18),(67,35,34,9),(68,34,33,12),(69,31,33,16),(72,38,37,13),(73,37,36,7),(74,36,62,12),(75,61,62,7),(76,62,40,14),(77,62,63,5),(78,50,46,5),(79,40,41,5),(80,41,42,4),(82,39,43,11),(83,63,44,8),(84,44,45,20),(85,40,45,11),(89,46,47,4),(91,49,50,12),(93,53,2,9),(94,3,51,3),(95,53,54,5),(97,53,51,10),(98,51,4,11),(99,55,56,5),(100,55,63,7),(101,48,63,8),(102,57,60,5),(103,60,56,8),(104,56,63,7),(105,57,1,11),(106,60,1,12),(107,56,1,10),(108,63,1,13),(109,62,1,13),(110,61,1,18),(111,59,1,12),(112,58,1,12),(113,67,68,3),(114,68,69,2),(115,69,70,5),(116,70,71,4),(117,71,72,4),(118,72,73,7),(119,73,74,4),(120,74,75,5),(121,75,100,2),(122,100,76,3),(123,76,77,3),(124,77,78,4),(125,78,79,4),(126,79,80,5),(127,80,81,3),(128,81,82,5),(129,82,83,6),(130,83,84,6),(131,84,85,7),(132,85,86,3),(133,86,87,4),(134,87,88,4),(135,88,89,6),(136,89,90,2),(137,90,91,5),(138,91,92,7),(139,92,93,10),(140,93,94,5),(141,94,95,4),(142,95,96,7),(143,96,97,6),(144,97,98,7),(145,98,99,2),(146,99,67,12),(147,2,69,2),(148,6,71,2),(149,10,74,5),(150,64,100,6),(151,65,76,6),(152,14,78,3),(153,21,84,3),(154,25,87,2),(155,28,88,5),(156,88,29,6),(157,90,32,9),(158,92,35,7),(159,94,37,8),(160,38,95,2),(161,95,39,2),(162,42,96,3),(163,96,43,2),(164,97,41,6),(165,98,47,2);
/*!40000 ALTER TABLE `edges` ENABLE KEYS */;
UNLOCK TABLES;

--
-- Table structure for table `locations`
--

DROP TABLE IF EXISTS `locations`;
/*!40101 SET @saved_cs_client     = @@character_set_client */;
/*!40101 SET character_set_client = utf8 */;
CREATE TABLE `locations` (
  `id` int(11) NOT NULL AUTO_INCREMENT,
  `adress` varchar(22) DEFAULT NULL,
  `x` int(11) DEFAULT NULL,
  `y` int(11) DEFAULT NULL,
  PRIMARY KEY (`id`)
) ENGINE=InnoDB AUTO_INCREMENT=101 DEFAULT CHARSET=utf8;
/*!40101 SET character_set_client = @saved_cs_client */;

--
-- Dumping data for table `locations`
--

LOCK TABLES `locations` WRITE;
/*!40000 ALTER TABLE `locations` DISABLE KEYS */;
INSERT INTO `locations` VALUES (1,'Кремль',262,269),(2,'Медведково',295,108),(3,'Свиблово',287,145),(4,'ВДНХ',280,174),(5,'Проспект Мира',269,218),(6,'Алтуфьево',238,94),(7,'Бибирево',237,115),(8,'Отрадное',236,134),(9,'Тимирязевский',232,175),(10,'Речной вокзал',162,145),(11,'Войковский',175,177),(12,'Сокол',187,202),(13,'Митино',93,151),(14,'Строгино',123,204),(15,'Кунцево',145,209),(16,'Фили',183,269),(17,'Москва-Сити',213,260),(18,'Парк Горького',251,290),(19,'Стадион Лужники',220,303),(20,'МГУ',197,327),(21,'Тропарево',169,387),(22,'Новые Черемушки',222,352),(23,'Коньково',207,378),(24,'Ясенево',208,423),(25,'Битцевский парк',219,445),(26,'Нагорный',261,369),(27,'Чертаново',259,395),(28,'Бирюлово',252,435),(29,'Южное Бутово',236,514),(30,'Нагатино',262,344),(31,'Коломенское',288,350),(32,'Царицыно',287,408),(33,'Печатники',335,339),(34,'Люблино',338,365),(35,'Марьино',342,390),(36,'Текстильщики',332,315),(37,'Кузьминки',354,320),(38,'Выхино',388,313),(39,'Жулебино',410,325),(40,'Шоссе Энтузиастов',346,259),(41,'Перово',370,251),(42,'Новогирево',387,276),(43,'Новокосино',418,273),(44,'Бауманский',292,233),(45,'Измайлово',344,228),(46,'Первомайский',366,199),(47,'Щелковский',390,195),(48,'Площадь трех вокзалов',278,247),(49,'Сокольники',314,217),(50,'Черкизовский',343,209),(51,'Ростокино',291,159),(52,'Ботанический сад',269,159),(53,'Ярославский',316,131),(54,'Мытищи',353,87),(55,'Чистые пруды',267,243),(56,'Лубянка',270,256),(57,'Тверская улица',245,245),(58,'Арбат',239,260),(59,'Храм Христа Спасителя',248,275),(60,'Большой театр',261,256),(61,'Павелецкий вокзал',278,284),(62,'Таганская улица',283,271),(63,'Курский вокзал',284,256),(64,'Тушино',149,150),(65,'Покровское-Стрешнево',148,186),(66,'Динамо',224,228),(67,'Ярославское шоссе',329,114),(68,'Перловка',313,101),(69,'Осташковское шоссе',294,98),(70,'Нагорное',266,94),(71,'Алтуфьевское шоссе',239,82),(72,'Дмитровское шоссе',210,86),(73,'Ховрино',170,108),(74,'Ленинградское шоссе',145,115),(75,'Путилково',119,132),(76,'Волоколамское шоссе',112,172),(77,'Мякинино',110,193),(78,'Новорижское шоссе',98,222),(79,'Рублёвское шоссе',95,253),(80,'Можайское шоссе',101,290),(81,'Минское шоссе',107,311),(82,'Сколково',124,338),(83,'Боровское шоссе',138,370),(84,'Киевское шоссе',155,398),(85,'Калужское шоссе',176,431),(86,'Бутовский лесопарк',188,447),(87,'Северное Бутово',216,459),(88,'Симферопольское шоссе',244,470),(89,'Булатниково',288,475),(90,'Трасса М4',303,471),(91,'Каширское шоссе',332,452),(92,'Бесединское шоссе',365,424),(93,'Котельники',403,377),(94,'Волгоградский проспект',400,344),(95,'Рязанское шоссе',400,318),(96,'Носовихинское шоссе',404,275),(97,'Горьковское шоссе',406,238),(98,'Щёлковское шоссе',401,194),(99,'Лосиный остров',400,181),(100,'Братцево',112,150);
/*!40000 ALTER TABLE `locations` ENABLE KEYS */;
UNLOCK TABLES;

--
-- Table structure for table `orders`
--

DROP TABLE IF EXISTS `orders`;
/*!40101 SET @saved_cs_client     = @@character_set_client */;
/*!40101 SET character_set_client = utf8 */;
CREATE TABLE `orders` (
  `id` int(1) NOT NULL AUTO_INCREMENT,
  `created` datetime NOT NULL,
  `start_id` int(11) NOT NULL,
  `finish_id` int(11) NOT NULL,
  `DATE_TIME` time NOT NULL,
  `comfort_rate` int(1) NOT NULL,
  `passengers` int(1) NOT NULL,
  `wide_trunk` int(1) NOT NULL,
  `baby_seat` int(1) NOT NULL,
  `driver` int(11) DEFAULT NULL,
  `completed` tinyint(1) DEFAULT NULL,
  PRIMARY KEY (`id`)
) ENGINE=InnoDB AUTO_INCREMENT=28 DEFAULT CHARSET=utf8;
/*!40101 SET character_set_client = @saved_cs_client */;

--
-- Dumping data for table `orders`
--

LOCK TABLES `orders` WRITE;
/*!40000 ALTER TABLE `orders` DISABLE KEYS */;
INSERT INTO `orders` VALUES (1,'2017-03-08 04:34:36',12,2,'02:00:00',1,1,1,0,10,NULL),(2,'2017-03-08 04:54:15',3,2,'13:40:00',1,5,1,0,3,NULL),(3,'2017-03-14 19:15:38',66,52,'19:15:00',2,2,1,0,10,NULL),(4,'2017-03-14 23:09:43',44,15,'23:05:00',1,1,0,0,4,1),(5,'2017-03-15 08:58:23',6,11,'08:55:00',2,2,0,0,4,1),(6,'2017-03-15 11:46:37',7,7,'11:45:00',1,1,0,0,NULL,NULL),(7,'2017-03-15 14:29:22',14,1,'14:25:00',3,8,1,0,1,NULL),(8,'2017-03-15 15:27:21',14,60,'18:00:00',4,1,0,1,3,NULL),(9,'2017-03-15 15:54:36',14,1,'15:55:00',5,1,0,0,4,1),(10,'2017-04-12 16:04:15',6,7,'16:00:00',3,1,0,0,NULL,NULL),(11,'2017-04-18 12:53:56',6,7,'15:05:00',2,3,1,0,2,NULL),(12,'2017-04-18 12:54:03',6,7,'15:05:00',2,3,1,0,NULL,NULL),(13,'2017-04-18 12:54:23',6,28,'15:05:00',2,3,1,0,4,1),(14,'2017-04-18 12:54:34',58,28,'15:05:00',2,3,1,0,NULL,NULL),(15,'2017-04-18 13:02:47',28,26,'13:00:00',1,1,0,0,NULL,NULL),(16,'2017-04-18 13:04:02',7,66,'13:00:00',1,1,0,0,NULL,NULL),(17,'2017-04-18 13:09:01',60,63,'13:05:00',1,1,0,0,NULL,NULL),(18,'2017-04-18 13:10:29',25,34,'13:10:00',1,1,0,0,NULL,NULL),(19,'2017-04-18 13:11:01',15,44,'13:10:00',1,1,0,0,NULL,NULL),(20,'2017-04-18 13:14:13',28,31,'13:10:00',3,3,1,0,NULL,NULL),(21,'2017-04-28 13:04:55',48,59,'13:05:00',1,3,1,0,NULL,NULL),(22,'2017-04-28 13:30:00',6,58,'13:25:00',1,1,0,0,NULL,NULL),(23,'2017-04-28 13:30:11',6,58,'13:25:00',1,1,0,1,NULL,NULL),(24,'2017-04-28 13:30:24',6,58,'13:25:00',1,1,0,1,NULL,NULL),(25,'2017-04-28 13:30:37',6,58,'13:25:00',1,1,1,1,NULL,NULL),(26,'2017-04-28 13:30:47',6,58,'13:25:00',1,1,1,1,NULL,NULL),(27,'2017-04-30 12:47:23',3,54,'12:45:00',2,2,1,0,NULL,NULL);
/*!40000 ALTER TABLE `orders` ENABLE KEYS */;
UNLOCK TABLES;
/*!40103 SET TIME_ZONE=@OLD_TIME_ZONE */;

/*!40101 SET SQL_MODE=@OLD_SQL_MODE */;
/*!40014 SET FOREIGN_KEY_CHECKS=@OLD_FOREIGN_KEY_CHECKS */;
/*!40014 SET UNIQUE_CHECKS=@OLD_UNIQUE_CHECKS */;
/*!40101 SET CHARACTER_SET_CLIENT=@OLD_CHARACTER_SET_CLIENT */;
/*!40101 SET CHARACTER_SET_RESULTS=@OLD_CHARACTER_SET_RESULTS */;
/*!40101 SET COLLATION_CONNECTION=@OLD_COLLATION_CONNECTION */;
/*!40111 SET SQL_NOTES=@OLD_SQL_NOTES */;

-- Dump completed on 2017-05-01 19:33:06
